insert into  Users ( UserID, Username, FirstName , LastName, DateOfBirth, Password) values (1, 'edanilevich0@discovery.com', 'Ede', 'Danilevich', '1997-11-09', 'iD7.cARr(PVu*');
insert into  Users ( UserID, Username, FirstName , LastName, DateOfBirth, Password) values (2, 'jviegas1@pen.io', 'Jeralee', 'Viegas', '1998-10-03', 'fR2"8.gzEy(e');
insert into  Users ( UserID, Username, FirstName , LastName, DateOfBirth, Password) values (3, 'mkubera2@taobao.com', 'Myrle', 'Kubera', '1994-10-24', 'tO1`"gJA');
insert into  Users ( UserID, Username, FirstName , LastName, DateOfBirth, Password) values (4, 'pgooch3@ycombinator.com', 'Prinz', 'Gooch', '1999-01-27', 'dG2?"l>I|8A');
insert into  Users ( UserID, Username, FirstName , LastName, DateOfBirth, Password) values (5, 'keisenberg4@uol.com.br', 'Kalie', 'Eisenberg', '2002-07-14', 'aG8"&7=LWtG$8W*');
insert into  Users ( UserID, Username, FirstName , LastName, DateOfBirth, Password) values (6, 'traspison5@privacy.gov.au', 'Tanny', 'Raspison', '2000-04-11', 'kX7=H8=2dR5M');
insert into  Users ( UserID, Username, FirstName , LastName, DateOfBirth, Password) values (7, 'ttrent6@seattletimes.com', 'Tris', 'Trent', '1997-06-29', 'xU6|GpR(&"vC');
insert into  Users ( UserID, Username, FirstName , LastName, DateOfBirth, Password) values (8, 'rfruish7@simplemachines.org', 'Regan', 'Fruish', '1992-10-28', 'xC2|ip>m');
insert into  Users ( UserID, Username, FirstName , LastName, DateOfBirth, Password) values (9, 'hdomb8@blinklist.com', 'Hadlee', 'Domb', '2005-04-04', 'jQ0(?t3H');
insert into  Users ( UserID, Username, FirstName , LastName, DateOfBirth, Password) values (10, 'ovooght9@wikipedia.org', 'Orsa', 'Vooght', '2004-06-30', 'xN8@yi\C$G*<A)~/');
insert into  Users ( UserID, Username, FirstName , LastName, DateOfBirth, Password) values (11, 'mcharopena@boston.com', 'Mollie', 'Charopen', '1996-05-11', 'yC5_dB#joVM');
insert into  Users ( UserID, Username, FirstName , LastName, DateOfBirth, Password) values (12, 'mmacknightb@auda.org.au', 'Madonna', 'MacKnight', '1998-10-23', 'sE6&U7vJikSS@pt');
insert into  Users ( UserID, Username, FirstName , LastName, DateOfBirth, Password) values (13, 'vbrandomc@lulu.com', 'Vachel', 'Brandom', '1995-02-21', 'pH6''4(b#Lvfc');
insert into  Users ( UserID, Username, FirstName , LastName, DateOfBirth, Password) values (14, 'dannond@wp.com', 'Dorian', 'Annon', '1995-08-30', 'tM3`ah=f');
insert into  Users ( UserID, Username, FirstName , LastName, DateOfBirth, Password) values (15, 'bcleworthe@ocn.ne.jp', 'Baldwin', 'Cleworth', '2001-07-26', 'fT0~$Bs@');
insert into  Users ( UserID, Username, FirstName , LastName, DateOfBirth, Password) values (16, 'afleyf@zimbio.com', 'Aloisia', 'Fley', '2005-03-06', 'zO5<k>assa=m}Cus');
insert into  Users ( UserID, Username, FirstName , LastName, DateOfBirth, Password) values (17, 'bblackstoneg@hp.com', 'Bonny', 'Blackstone', '2005-07-22', 'cQ6#tO}7x()wBz');
insert into  Users ( UserID, Username, FirstName , LastName, DateOfBirth, Password) values (18, 'mhawkingh@vkontakte.ru', 'Marcella', 'Hawking', '2001-01-30', 'bM5<m$rF+B');
insert into  Users ( UserID, Username, FirstName , LastName, DateOfBirth, Password) values (19, 'lgreenalli@msn.com', 'Lorilee', 'Greenall', '1995-05-25', 'sC6~E"C@=v0XGFFz');
insert into  Users ( UserID, Username, FirstName , LastName, DateOfBirth, Password) values (20, 'poleszkiewiczj@istockphoto.com', 'Philipa', 'Oleszkiewicz', '1996-09-22', 'nN8,A@|uN');
insert into  Users ( UserID, Username, FirstName , LastName, DateOfBirth, Password) values (21, 'klemmerk@i2i.jp', 'Karlan', 'Lemmer', '2000-12-12', 'vF5_B1Tm');
insert into  Users ( UserID, Username, FirstName , LastName, DateOfBirth, Password) values (22, 'fyablsleyl@xrea.com', 'Freda', 'Yablsley', '2000-08-27', 'hZ9\c''3s');
insert into  Users ( UserID, Username, FirstName , LastName, DateOfBirth, Password) values (23, 'jandrejsm@huffingtonpost.com', 'Jourdain', 'Andrejs', '2002-08-19', 'gN5&''4~Hy');
insert into  Users ( UserID, Username, FirstName , LastName, DateOfBirth, Password) values (24, 'cdipietron@wix.com', 'Caitlin', 'Di Pietro', '1990-10-30', 'kK4@ZPZI{m8w');
insert into  Users ( UserID, Username, FirstName , LastName, DateOfBirth, Password) values (25, 'tburkinshawo@yandex.ru', 'Teresina', 'Burkinshaw', '1994-05-20', 'zS1<%PS*''.');
insert into  Users ( UserID, Username, FirstName , LastName, DateOfBirth, Password) values (26, 'segdalp@ycombinator.com', 'Sid', 'Egdal', '2000-11-25', 'hO3")cDj!&romXl');
insert into  Users ( UserID, Username, FirstName , LastName, DateOfBirth, Password) values (27, 'lbaishq@macromedia.com', 'Laurent', 'Baish', '2005-06-25', 'nZ1#Nh7L9');
insert into  Users ( UserID, Username, FirstName , LastName, DateOfBirth, Password) values (28, 'cclearr@china.com.cn', 'Carlye', 'Clear', '2005-01-07', 'wH3|\IS{x_B%Yl');
insert into  Users ( UserID, Username, FirstName , LastName, DateOfBirth, Password) values (29, 'jmacalpynes@behance.net', 'Judah', 'MacAlpyne', '2001-09-17', 'rG0(Joec$*AoOw~`');
insert into  Users ( UserID, Username, FirstName , LastName, DateOfBirth, Password) values (30, 'acriagt@newyorker.com', 'Algernon', 'Criag', '1994-04-12', 'hA6#dD.Oz?T');

insert into Friends (FriendID, FriendWhoAdded , FriendBeingAdded , IsAccepted) values (1, 28, 15, false);
insert into Friends (FriendID, FriendWhoAdded , FriendBeingAdded , IsAccepted) values (2, 4, 3, false);
insert into Friends (FriendID, FriendWhoAdded , FriendBeingAdded , IsAccepted) values (3, 25, 4, true);
insert into Friends (FriendID, FriendWhoAdded , FriendBeingAdded , IsAccepted) values (4, 5, 29, false);
insert into Friends (FriendID, FriendWhoAdded , FriendBeingAdded , IsAccepted) values (5, 26, 1, false);
insert into Friends (FriendID, FriendWhoAdded , FriendBeingAdded , IsAccepted) values (6, 6, 7, true);
insert into Friends (FriendID, FriendWhoAdded , FriendBeingAdded , IsAccepted) values (7, 21, 14, true);
insert into Friends (FriendID, FriendWhoAdded , FriendBeingAdded , IsAccepted) values (8, 19, 7, true);
insert into Friends (FriendID, FriendWhoAdded , FriendBeingAdded , IsAccepted) values (9, 26, 24, false);
insert into Friends (FriendID, FriendWhoAdded , FriendBeingAdded , IsAccepted) values (10, 21, 30, true);
insert into Friends (FriendID, FriendWhoAdded , FriendBeingAdded , IsAccepted) values (11, 18, 20, false);
insert into Friends (FriendID, FriendWhoAdded , FriendBeingAdded , IsAccepted) values (12, 30, 11, false);
insert into Friends (FriendID, FriendWhoAdded , FriendBeingAdded , IsAccepted) values (13, 14, 8, false);
insert into Friends (FriendID, FriendWhoAdded , FriendBeingAdded , IsAccepted) values (14, 23, 29, true);
insert into Friends (FriendID, FriendWhoAdded , FriendBeingAdded , IsAccepted) values (15, 28, 12, false);
insert into Friends (FriendID, FriendWhoAdded , FriendBeingAdded , IsAccepted) values (16, 29, 17, false);
insert into Friends (FriendID, FriendWhoAdded , FriendBeingAdded , IsAccepted) values (17, 7, 2, true);
insert into Friends (FriendID, FriendWhoAdded , FriendBeingAdded , IsAccepted) values (18, 26, 10, false);
insert into Friends (FriendID, FriendWhoAdded , FriendBeingAdded , IsAccepted) values (19, 27, 2, true);
insert into Friends (FriendID, FriendWhoAdded , FriendBeingAdded , IsAccepted) values (20, 6, 8, false);
insert into Friends (FriendID, FriendWhoAdded , FriendBeingAdded , IsAccepted) values (21, 3, 12, true);
insert into Friends (FriendID, FriendWhoAdded , FriendBeingAdded , IsAccepted) values (22, 17, 11, false);
insert into Friends (FriendID, FriendWhoAdded , FriendBeingAdded , IsAccepted) values (23, 17, 20, true);
insert into Friends (FriendID, FriendWhoAdded , FriendBeingAdded , IsAccepted) values (24, 6, 4, false);
insert into Friends (FriendID, FriendWhoAdded , FriendBeingAdded , IsAccepted) values (25, 25, 20, true);
insert into Friends (FriendID, FriendWhoAdded , FriendBeingAdded , IsAccepted) values (26, 30, 22, false);
insert into Friends (FriendID, FriendWhoAdded , FriendBeingAdded , IsAccepted) values (27, 1, 12, false);
insert into Friends (FriendID, FriendWhoAdded , FriendBeingAdded , IsAccepted) values (28, 13, 12, false);
insert into Friends (FriendID, FriendWhoAdded , FriendBeingAdded , IsAccepted) values (29, 18, 26, false);
insert into Friends (FriendID, FriendWhoAdded , FriendBeingAdded , IsAccepted) values (30, 18, 29, true);

insert into Groups (GroupID , GroupName ) values (1, 'Quatz');
insert into Groups (GroupID , GroupName ) values (2, 'Edgeclub');
insert into Groups (GroupID , GroupName ) values (3, 'Voonix');
insert into Groups (GroupID , GroupName ) values (4, 'Edgetag');
insert into Groups (GroupID , GroupName ) values (5, 'Meevee');
insert into Groups (GroupID , GroupName ) values (6, 'Talane');
insert into Groups (GroupID , GroupName ) values (7, 'JumpXS');
insert into Groups (GroupID , GroupName ) values (8, 'Thoughtstorm');
insert into Groups (GroupID , GroupName ) values (9, 'Abata');
insert into Groups (GroupID , GroupName ) values (10, 'Kanoodle');
insert into Groups (GroupID , GroupName ) values (11, 'Avaveo');
insert into Groups (GroupID , GroupName ) values (12, 'Teklist');
insert into Groups (GroupID , GroupName ) values (13, 'Youbridge');
insert into Groups (GroupID , GroupName ) values (14, 'Topicblab');
insert into Groups (GroupID , GroupName ) values (15, 'Viva');
insert into Groups (GroupID , GroupName ) values (16, 'Yodoo');
insert into Groups (GroupID , GroupName ) values (17, 'Voonyx');
insert into Groups (GroupID , GroupName ) values (18, 'Gevee');
insert into Groups (GroupID , GroupName ) values (19, 'Mynte');
insert into Groups (GroupID , GroupName ) values (20, 'Demivee');
insert into Groups (GroupID , GroupName ) values (21, 'Thoughtmix');
insert into Groups (GroupID , GroupName ) values (22, 'Dynabox');
insert into Groups (GroupID , GroupName ) values (23, 'Plajo');
insert into Groups (GroupID , GroupName ) values (24, 'Quamba');
insert into Groups (GroupID , GroupName ) values (25, 'Wikivu');
insert into Groups (GroupID , GroupName ) values (26, 'Yozio');
insert into Groups (GroupID , GroupName ) values (27, 'Mydeo');
insert into Groups (GroupID , GroupName ) values (28, 'Ailane');
insert into Groups (GroupID , GroupName ) values (29, 'Zooxo');
insert into Groups (GroupID , GroupName ) values (30, 'Yoveo');

insert into Posts (PostID, PostDescription , PostedBy, IsPublic, IsOnlyForFriends, GroupID) values (1, 'elementum eu interdum eu tincidunt in leo maecenas pulvinar lobortis est phasellus sit amet erat nulla tempus vivamus in felis', 24, true, false, 1);
insert into Posts (PostID, PostDescription , PostedBy, IsPublic, IsOnlyForFriends, GroupID) values (2, 'mi nulla ac enim in tempor turpis nec euismod scelerisque quam turpis adipiscing lorem vitae', 2, true, false, 2);
insert into Posts (PostID, PostDescription , PostedBy, IsPublic, IsOnlyForFriends, GroupID) values (3, 'nulla ut erat id mauris vulputate elementum nullam varius nulla facilisi cras', 30, false, false, 3);
insert into Posts (PostID, PostDescription , PostedBy, IsPublic, IsOnlyForFriends, GroupID) values (4, 'volutpat convallis morbi odio odio elementum eu interdum eu tincidunt in leo maecenas pulvinar lobortis est phasellus sit', 8, true, true, 4);
insert into Posts (PostID, PostDescription , PostedBy, IsPublic, IsOnlyForFriends, GroupID) values (5, 'lobortis convallis tortor risus dapibus augue vel accumsan tellus nisi eu orci mauris', 23, true, false, 5);
insert into Posts (PostID, PostDescription , PostedBy, IsPublic, IsOnlyForFriends, GroupID) values (6, 'in hac habitasse platea dictumst morbi vestibulum velit id pretium', 2, false, false, 6);
insert into Posts (PostID, PostDescription , PostedBy, IsPublic, IsOnlyForFriends, GroupID) values (7, 'ut mauris eget massa tempor convallis nulla neque libero convallis eget', 21, true, false, 7);
insert into Posts (PostID, PostDescription , PostedBy, IsPublic, IsOnlyForFriends, GroupID) values (8, 'mi in porttitor pede justo eu massa donec dapibus duis', 24, false, true, 8);
insert into Posts (PostID, PostDescription , PostedBy, IsPublic, IsOnlyForFriends, GroupID) values (9, 'nulla facilisi cras non velit nec nisi vulputate nonummy maecenas tincidunt lacus', 3, false, true, 9);
insert into Posts (PostID, PostDescription , PostedBy, IsPublic, IsOnlyForFriends, GroupID) values (10, 'pede posuere nonummy integer non velit donec diam neque vestibulum eget vulputate ut ultrices vel augue vestibulum ante ipsum', 1, false, true, 10);
insert into Posts (PostID, PostDescription , PostedBy, IsPublic, IsOnlyForFriends, GroupID) values (11, 'tincidunt in leo maecenas pulvinar lobortis est phasellus sit amet erat nulla tempus vivamus in felis', 17, false, false, 11);
insert into Posts (PostID, PostDescription , PostedBy, IsPublic, IsOnlyForFriends, GroupID) values (12, 'ante nulla justo aliquam quis turpis eget elit sodales scelerisque mauris sit amet eros suspendisse accumsan tortor quis', 20, true, false, 12);
insert into Posts (PostID, PostDescription , PostedBy, IsPublic, IsOnlyForFriends, GroupID) values (13, 'vestibulum sit amet cursus id turpis integer aliquet massa id lobortis convallis tortor risus dapibus augue vel accumsan tellus nisi', 14, false, false, 13);
insert into Posts (PostID, PostDescription , PostedBy, IsPublic, IsOnlyForFriends, GroupID) values (14, 'pulvinar lobortis est phasellus sit amet erat nulla tempus vivamus in felis', 27, true, true, 14);
insert into Posts (PostID, PostDescription , PostedBy, IsPublic, IsOnlyForFriends, GroupID) values (15, 'cubilia curae mauris viverra diam vitae quam suspendisse potenti nullam porttitor lacus at turpis donec posuere', 5, true, true, 15);
insert into Posts (PostID, PostDescription , PostedBy, IsPublic, IsOnlyForFriends, GroupID) values (16, 'iaculis justo in hac habitasse platea dictumst etiam faucibus cursus', 17, false, false, 16);
insert into Posts (PostID, PostDescription , PostedBy, IsPublic, IsOnlyForFriends, GroupID) values (17, 'in purus eu magna vulputate luctus cum sociis natoque penatibus et magnis dis parturient montes nascetur ridiculus mus', 26, false, true, 17);
insert into Posts (PostID, PostDescription , PostedBy, IsPublic, IsOnlyForFriends, GroupID) values (18, 'nibh quisque id justo sit amet sapien dignissim vestibulum vestibulum ante ipsum primis', 7, true, true, 18);
insert into Posts (PostID, PostDescription , PostedBy, IsPublic, IsOnlyForFriends, GroupID) values (19, 'nec molestie sed justo pellentesque viverra pede ac diam cras pellentesque volutpat dui maecenas tristique', 18, true, true, 19);
insert into Posts (PostID, PostDescription , PostedBy, IsPublic, IsOnlyForFriends, GroupID) values (20, 'lacinia eget tincidunt eget tempus vel pede morbi porttitor lorem id ligula suspendisse ornare consequat', 9, true, true, 20);
insert into Posts (PostID, PostDescription , PostedBy, IsPublic, IsOnlyForFriends, GroupID) values (21, 'cras pellentesque volutpat dui maecenas tristique est et tempus semper est quam pharetra magna ac consequat metus sapien', 15, true, true, 21);
insert into Posts (PostID, PostDescription , PostedBy, IsPublic, IsOnlyForFriends, GroupID) values (22, 'quis tortor id nulla ultrices aliquet maecenas leo odio condimentum id luctus nec molestie sed justo', 6, false, true, 22);
insert into Posts (PostID, PostDescription , PostedBy, IsPublic, IsOnlyForFriends, GroupID) values (23, 'dictumst morbi vestibulum velit id pretium iaculis diam erat fermentum', 5, true, true, 23);
insert into Posts (PostID, PostDescription , PostedBy, IsPublic, IsOnlyForFriends, GroupID) values (24, 'turpis sed ante vivamus tortor duis mattis egestas metus aenean fermentum donec ut mauris', 14, true, false, 24);
insert into Posts (PostID, PostDescription , PostedBy, IsPublic, IsOnlyForFriends, GroupID) values (25, 'eu nibh quisque id justo sit amet sapien dignissim vestibulum vestibulum ante', 22, true, true, 25);
insert into Posts (PostID, PostDescription , PostedBy, IsPublic, IsOnlyForFriends, GroupID) values (26, 'habitasse platea dictumst etiam faucibus cursus urna ut tellus nulla ut erat id mauris vulputate elementum nullam', 4, false, true, 26);
insert into Posts (PostID, PostDescription , PostedBy, IsPublic, IsOnlyForFriends, GroupID) values (27, 'ac diam cras pellentesque volutpat dui maecenas tristique est et tempus semper', 9, false, false, 27);
insert into Posts (PostID, PostDescription , PostedBy, IsPublic, IsOnlyForFriends, GroupID) values (28, 'amet lobortis sapien sapien non mi integer ac neque duis bibendum morbi non', 8, false, true, 28);
insert into Posts (PostID, PostDescription , PostedBy, IsPublic, IsOnlyForFriends, GroupID) values (29, 'faucibus cursus urna ut tellus nulla ut erat id mauris vulputate elementum nullam varius nulla', 15, false, true, 29);
insert into Posts (PostID, PostDescription , PostedBy, IsPublic, IsOnlyForFriends, GroupID) values (30, 'porttitor pede justo eu massa donec dapibus duis at velit eu est congue elementum in hac', 6, true, true, 30);

insert into GroupMembershipRequests (GroupMemberShipRequestsID, GroupID, GroupMemberUserID, IsGroupMemberShipAccepted) values (1, 1, 14, true);
insert into GroupMembershipRequests (GroupMemberShipRequestsID, GroupID, GroupMemberUserID, IsGroupMemberShipAccepted) values (2, 2, 7, true);
insert into GroupMembershipRequests (GroupMemberShipRequestsID, GroupID, GroupMemberUserID, IsGroupMemberShipAccepted) values (3, 3, 27, false);
insert into GroupMembershipRequests (GroupMemberShipRequestsID, GroupID, GroupMemberUserID, IsGroupMemberShipAccepted) values (4, 4, 1, false);
insert into GroupMembershipRequests (GroupMemberShipRequestsID, GroupID, GroupMemberUserID, IsGroupMemberShipAccepted) values (5, 5, 15, false);
insert into GroupMembershipRequests (GroupMemberShipRequestsID, GroupID, GroupMemberUserID, IsGroupMemberShipAccepted) values (6, 6, 30, true);
insert into GroupMembershipRequests (GroupMemberShipRequestsID, GroupID, GroupMemberUserID, IsGroupMemberShipAccepted) values (7, 7, 17, true);
insert into GroupMembershipRequests (GroupMemberShipRequestsID, GroupID, GroupMemberUserID, IsGroupMemberShipAccepted) values (8, 8, 25, true);
insert into GroupMembershipRequests (GroupMemberShipRequestsID, GroupID, GroupMemberUserID, IsGroupMemberShipAccepted) values (9, 9, 18, true);
insert into GroupMembershipRequests (GroupMemberShipRequestsID, GroupID, GroupMemberUserID, IsGroupMemberShipAccepted) values (10, 10, 7, true);
insert into GroupMembershipRequests (GroupMemberShipRequestsID, GroupID, GroupMemberUserID, IsGroupMemberShipAccepted) values (11, 11, 20, true);
insert into GroupMembershipRequests (GroupMemberShipRequestsID, GroupID, GroupMemberUserID, IsGroupMemberShipAccepted) values (12, 12, 22, true);
insert into GroupMembershipRequests (GroupMemberShipRequestsID, GroupID, GroupMemberUserID, IsGroupMemberShipAccepted) values (13, 13, 26, true);
insert into GroupMembershipRequests (GroupMemberShipRequestsID, GroupID, GroupMemberUserID, IsGroupMemberShipAccepted) values (14, 14, 13, true);
insert into GroupMembershipRequests (GroupMemberShipRequestsID, GroupID, GroupMemberUserID, IsGroupMemberShipAccepted) values (15, 15, 14, true);
insert into GroupMembershipRequests (GroupMemberShipRequestsID, GroupID, GroupMemberUserID, IsGroupMemberShipAccepted) values (16, 16, 20, false);
insert into GroupMembershipRequests (GroupMemberShipRequestsID, GroupID, GroupMemberUserID, IsGroupMemberShipAccepted) values (17, 17, 30, false);
insert into GroupMembershipRequests (GroupMemberShipRequestsID, GroupID, GroupMemberUserID, IsGroupMemberShipAccepted) values (18, 18, 8, false);
insert into GroupMembershipRequests (GroupMemberShipRequestsID, GroupID, GroupMemberUserID, IsGroupMemberShipAccepted) values (19, 19, 3, true);
insert into GroupMembershipRequests (GroupMemberShipRequestsID, GroupID, GroupMemberUserID, IsGroupMemberShipAccepted) values (20, 20, 23, true);
insert into GroupMembershipRequests (GroupMemberShipRequestsID, GroupID, GroupMemberUserID, IsGroupMemberShipAccepted) values (21, 21, 6, false);
insert into GroupMembershipRequests (GroupMemberShipRequestsID, GroupID, GroupMemberUserID, IsGroupMemberShipAccepted) values (22, 22, 24, false);
insert into GroupMembershipRequests (GroupMemberShipRequestsID, GroupID, GroupMemberUserID, IsGroupMemberShipAccepted) values (23, 23, 17, true);
insert into GroupMembershipRequests (GroupMemberShipRequestsID, GroupID, GroupMemberUserID, IsGroupMemberShipAccepted) values (24, 24, 14, false);
insert into GroupMembershipRequests (GroupMemberShipRequestsID, GroupID, GroupMemberUserID, IsGroupMemberShipAccepted) values (25, 25, 30, true);
insert into GroupMembershipRequests (GroupMemberShipRequestsID, GroupID, GroupMemberUserID, IsGroupMemberShipAccepted) values (26, 26, 19, false);
insert into GroupMembershipRequests (GroupMemberShipRequestsID, GroupID, GroupMemberUserID, IsGroupMemberShipAccepted) values (27, 27, 30, false);
insert into GroupMembershipRequests (GroupMemberShipRequestsID, GroupID, GroupMemberUserID, IsGroupMemberShipAccepted) values (28, 28, 11, false);
insert into GroupMembershipRequests (GroupMemberShipRequestsID, GroupID, GroupMemberUserID, IsGroupMemberShipAccepted) values (29, 29, 30, false);
insert into GroupMembershipRequests (GroupMemberShipRequestsID, GroupID, GroupMemberUserID, IsGroupMemberShipAccepted) values (30, 30, 18, false);